,origin,dest
0,G26,G24
1,G26,G28
2,G24,G26
3,G24,G22
4,G22,G24
5,G22,F09
6,G22,F09
7,G22,719
8,G20,G19
9,G20,G21
10,G21,G14
11,G21,F09
12,G21,G20
13,G21,R11
14,G28,G26
15,G28,G29
16,G29,G30
17,G29,L10
18,G29,G28
19,719,G22
20,719,F09
21,719,F09
22,719,720
23,719,718
24,718,716
25,718,719
26,716,715
27,716,718
28,715,716
29,715,714
30,714,715
31,714,713
32,713,714
33,713,712
34,712,713
35,712,711
36,711,712
37,711,710
38,710,G14
39,710,G14
40,710,G14
41,710,G14
42,710,709
43,710,711
44,B23,D43
45,B23,B22
46,B22,B23
47,B22,B21
48,B21,B22
49,B21,B20
50,B20,B21
51,B20,B19
52,J27,A51
53,J27,A51
54,J27,A51
55,J27,A51
56,J27,J24
57,J27,L22
58,J27,L22
59,J27,J28
60,J24,J27
61,J24,J23
62,J23,J24
63,J23,J22
64,J22,J23
65,J22,J21
66,J21,J22
67,J21,J20
68,J20,J21
69,J20,J19
70,J29,J30
71,J29,J28
72,J28,J27
73,J28,J29
74,F05,F04
75,F05,F06
76,F04,F05
77,F04,F03
78,F07,F06
79,F07,G08
80,F06,F05
81,F06,F07
82,F06,G07
83,F06,G08
84,F01,F02
85,A54,A53
86,A54,A55
87,F03,F04
88,F03,F02
89,F02,F01
90,F02,F03
91,A59,A60
92,A59,A57
93,F09,G22
94,F09,G22
95,F09,F11
96,F09,719
97,F09,719
98,F09,G21
99,N09,N10
100,N09,N08
101,N08,N07
102,N08,N09
103,N05,N04
104,N05,N06
105,N04,N05
106,N04,B16
107,N04,N03
108,N07,N06
109,N07,N08
110,N06,N05
111,N06,N07
112,N03,N04
113,N03,N02
114,N02,R41
115,N02,N03
116,H10,H11
117,H10,H09
118,H11,H10
119,H12,H13
120,H12,H04
121,H13,H12
122,H13,H14
123,H14,H13
124,H14,H15
125,H15,H14
126,M22,A38
127,M22,A38
128,M22,A38
129,M22,A38
130,M22,M21
131,M22,M23
132,M22,229
133,M22,229
134,M22,229
135,M22,229
136,M22,418
137,M22,418
138,M22,418
139,M22,418
140,M23,M22
141,108,109
142,108,107
143,109,108
144,109,110
145,103,101
146,103,104
147,101,103
148,106,107
149,106,104
150,107,108
151,107,106
152,104,103
153,104,106
154,902,R16
155,902,R16
156,902,R16
157,902,R16
158,902,725
159,902,901
160,902,A27
161,902,A27
162,902,A27
163,902,127
164,902,127
165,902,127
166,A46,A47
167,A46,A45
168,A46,A42
169,A46,A48
170,901,902
171,901,631
172,901,631
173,901,631
174,901,723
175,A47,A46
176,A47,A48
177,247,246
178,247,246
179,640,639
180,640,M21
181,640,M21
182,640,M21
183,640,M21
184,640,M21
185,640,M21
186,640,418
187,640,418
188,640,635
189,640,635
190,A45,A46
191,A45,S01
192,A45,A44
193,A42,G36
194,A42,A46
195,A42,F20
196,A42,A43
197,A42,A41
198,A42,A41
199,A40,A38
200,A40,A38
201,A40,A41
202,A40,A41
203,A41,A40
204,A41,A40
205,A41,F18
206,A41,F20
207,A41,A42
208,A41,A42
209,A41,R29
210,A41,R29
211,A41,R29
212,R39,R36
213,R39,R40
214,249,250
215,249,248
216,A48,A46
217,A48,A51
218,A48,A49
219,A48,A47
220,F15,M18
221,F15,M18
222,F15,M18
223,F15,F16
224,F15,F14
225,G19,G20
226,G19,G18
227,G18,G16
228,G18,G19
229,G16,G15
230,G16,G18
231,G15,G16
232,G15,G14
233,G14,G21
234,G14,710
235,G14,710
236,G14,710
237,G14,710
238,G14,G08
239,G14,G08
240,G14,B04
241,G14,G15
242,G14,G13
243,G13,G14
244,G13,G12
245,G12,G13
246,G12,G11
247,G11,G12
248,G11,G10
249,G10,G09
250,G10,G11
251,Q03,B08
252,Q03,Q04
253,Q01,639
254,Q01,639
255,Q01,M20
256,Q01,M20
257,Q01,M20
258,Q01,M20
259,Q01,R23
260,Q01,R23
261,Q01,R23
262,Q01,R23
263,Q01,R30
264,Q01,R31
265,Q01,R20
266,Q01,R20
267,Q04,Q03
268,Q04,Q05
269,Q05,Q04
270,D38,D37
271,D38,D39
272,D39,D35
273,D39,D38
274,D39,D40
275,D39,D40
276,D37,D35
277,D37,D38
278,D34,D35
279,D34,D33
280,D35,D37
281,D35,D34
282,D35,D39
283,D35,D31
284,D32,D33
285,D32,D31
286,D33,D34
287,D33,D32
288,D30,D29
289,D30,D31
290,D31,D28
291,D31,D35
292,D31,D32
293,D31,D30
294,238,237
295,238,237
296,238,239
297,238,239
298,239,S04
299,239,S04
300,239,S04
301,239,S04
302,239,241
303,239,241
304,239,235
305,239,235
306,239,238
307,239,238
308,239,250
309,239,248
310,234,235
311,234,235
312,234,235
313,234,235
314,234,423
315,234,423
316,234,233
317,234,233
318,235,D24
319,235,D24
320,235,D24
321,235,D24
322,235,239
323,235,239
324,235,234
325,235,234
326,235,234
327,235,234
328,235,236
329,235,236
330,235,R31
331,235,R31
332,235,R31
333,235,R31
334,235,R31
335,235,R31
336,236,235
337,236,235
338,236,237
339,236,237
340,237,236
341,237,236
342,237,238
343,237,238
344,230,231
345,230,231
346,230,229
347,230,229
348,231,230
349,231,230
350,231,232
351,231,232
352,232,423
353,232,423
354,232,423
355,232,423
356,232,R28
357,232,R28
358,232,231
359,232,231
360,232,233
361,232,233
362,233,234
363,233,234
364,233,232
365,233,232
366,S31,S30
367,S30,S29
368,S30,S31
369,618,619
370,618,617
371,619,618
372,619,621
373,140,R27
374,140,R27
375,612,613
376,612,611
377,613,612
378,613,614
379,610,611
380,610,609
381,611,612
382,611,610
383,616,617
384,616,615
385,617,618
386,617,616
387,614,613
388,614,615
389,615,616
390,615,614
391,D43,D42
392,D43,D42
393,D43,N10
394,D43,B23
395,D42,D43
396,D42,D43
397,D42,F39
398,D42,D41
399,D41,D42
400,D41,D40
401,D40,D41
402,D40,D39
403,D40,D39
404,A09,A10
405,A09,112
406,A09,112
407,A09,A07
408,A09,A12
409,A02,A03
410,A03,A02
411,A03,A05
412,A06,A07
413,A06,A05
414,A07,A09
415,A07,A06
416,A05,A03
417,A05,A06
418,133,132
419,133,134
420,132,D19
421,132,D19
422,132,D19
423,132,D19
424,132,D19
425,132,D19
426,132,L02
427,132,L02
428,132,L02
429,132,133
430,132,131
431,132,137
432,132,137
433,132,128
434,132,128
435,131,132
436,131,130
437,130,129
438,130,131
439,137,132
440,137,132
441,137,138
442,137,136
443,137,228
444,137,228
445,136,137
446,136,135
447,135,136
448,135,134
449,134,133
450,134,135
451,139,138
452,138,139
453,138,137
454,407,406
455,407,408
456,406,407
457,406,405
458,405,406
459,405,402
460,402,405
461,402,401
462,401,402
463,R34,R35
464,R34,R33
465,R35,R34
466,R35,R36
467,R36,R41
468,R36,R39
469,R36,R35
470,R36,B12
471,R36,R31
472,R36,R31
473,R30,D22
474,R30,D24
475,R30,D24
476,R30,R29
477,R30,Q01
478,R30,R31
479,R31,D22
480,R31,D24
481,R31,D24
482,R31,D24
483,R31,D24
484,R31,D24
485,R31,D24
486,R31,235
487,R31,235
488,R31,235
489,R31,235
490,R31,235
491,R31,235
492,R31,R36
493,R31,R36
494,R31,Q01
495,R31,R30
496,R31,R32
497,409,410
498,409,408
499,408,407
500,408,409
501,L08,L06
502,L08,L10
503,L06,L05
504,L06,L08
505,L05,L06
506,L05,L03
507,L03,L05
508,L03,R20
509,L03,R20
510,L03,R20
511,L03,R20
512,L03,L02
513,L03,635
514,L03,635
515,L03,635
516,L02,132
517,L02,132
518,L02,132
519,L02,L03
520,L02,D19
521,L02,D19
522,L02,L01
523,L01,A31
524,L01,A31
525,L01,A31
526,L01,L02
527,708,707
528,708,709
529,709,708
530,709,710
531,705,706
532,705,702
533,706,705
534,706,707
535,707,706
536,707,708
537,701,702
538,702,705
539,702,701
540,J30,J31
541,J30,J29
542,J31,M11
543,J31,J30
544,D07,D06
545,D07,D08
546,D06,D07
547,D06,D05
548,D05,D06
549,D05,D04
550,D04,D05
551,D04,D03
552,D03,D04
553,D03,D01
554,D01,D03
555,D09,D10
556,D09,D08
557,D08,D07
558,D08,D09
559,245,244
560,245,244
561,245,246
562,245,246
563,244,245
564,244,245
565,244,243
566,244,243
567,A44,A45
568,A44,A43
569,246,245
570,246,245
571,246,247
572,246,247
573,241,239
574,241,239
575,241,242
576,241,242
577,A43,A44
578,A43,A42
579,243,244
580,243,244
581,243,242
582,243,242
583,242,241
584,242,241
585,242,243
586,242,243
587,F12,D14
588,F12,F11
589,F11,F12
590,F11,630
591,F11,630
592,F11,F09
593,F16,F18
594,F16,F15
595,248,249
596,248,239
597,F14,D21
598,F14,F15
599,A49,A50
600,A49,A48
601,N10,D43
602,N10,N09
603,623,622
604,623,624
605,622,623
606,622,621
607,621,622
608,621,416
609,621,416
610,621,619
611,621,626
612,621,626
613,627,628
614,627,626
615,626,621
616,626,621
617,626,627
618,626,629
619,626,629
620,626,625
621,625,626
622,625,624
623,624,623
624,624,625
625,629,630
626,629,631
627,629,631
628,629,626
629,629,626
630,629,R11
631,629,R11
632,629,R11
633,629,R11
634,629,R11
635,629,R11
636,629,R11
637,629,R11
638,629,R11
639,629,628
640,629,B08
641,629,B08
642,629,B08
643,629,B08
644,629,B08
645,629,B08
646,628,629
647,628,627
648,A33,A32
649,A33,A32
650,A33,A34
651,A33,A34
652,A32,A33
653,A32,A33
654,A32,A31
655,A32,A31
656,A32,A31
657,A32,D20
658,A32,D20
659,A32,D20
660,A32,D20
661,A32,D20
662,A32,D20
663,A32,D20
664,A32,D20
665,A32,D20
666,A32,D20
667,A32,D20
668,A32,D20
669,A32,A34
670,A31,A28
671,A31,A32
672,A31,A32
673,A31,A32
674,A31,A30
675,A31,A30
676,A31,L01
677,A31,L01
678,A31,L01
679,A30,A28
680,A30,A28
681,A30,A31
682,A30,A31
683,A36,228
684,A36,228
685,A36,228
686,A36,228
687,A36,A38
688,A36,A38
689,A36,E01
690,A36,E01
691,A36,A34
692,A36,A34
693,A34,A33
694,A34,A33
695,A34,A32
696,A34,A36
697,A34,A36
698,A34,E01
699,A38,A36
700,A38,A36
701,A38,M22
702,A38,M22
703,A38,M22
704,A38,M22
705,A38,A40
706,A38,A40
707,A38,229
708,A38,229
709,A38,229
710,A38,229
711,A38,418
712,A38,418
713,A38,418
714,A38,418
715,L26,L25
716,L26,254
717,L26,L27
718,L29,L28
719,L28,L29
720,L28,L27
721,A51,J27
722,A51,J27
723,A51,J27
724,A51,J27
725,A51,A50
726,A51,A52
727,A51,A55
728,A51,L22
729,A51,L22
730,A51,A48
731,A50,A51
732,A50,A49
733,A53,A52
734,A53,A54
735,M11,M12
736,M11,J31
737,M13,M12
738,M13,M14
739,A52,A51
740,A52,A53
741,R41,R36
742,R41,R42
743,R41,R40
744,R41,N02
745,M14,M13
746,M14,M16
747,R43,R44
748,R43,R42
749,M16,M18
750,M16,M14
751,M19,M18
752,M19,M20
753,A55,A51
754,A55,A54
755,A55,A57
756,A57,A59
757,A57,A55
758,G08,G14
759,G08,G14
760,G08,F06
761,G08,F07
762,G08,G09
763,G09,G08
764,G09,G10
765,G05,G06
766,G05,G06
767,G06,G05
768,G06,G05
769,G06,G07
770,G06,J12
771,G07,G06
772,G07,F06
773,201,204
774,205,204
775,205,206
776,204,201
777,204,205
778,207,208
779,207,206
780,206,205
781,206,207
782,209,208
783,209,210
784,208,209
785,208,207
786,S22,S23
787,S22,S21
788,S23,S22
789,S23,S24
790,S20,S19
791,S20,S21
792,S21,S22
793,S21,S20
794,S26,S27
795,S26,S25
796,S27,S28
797,S27,S26
798,S24,S23
799,S24,S25
800,S25,S26
801,S25,S24
802,S28,S29
803,S28,S27
804,S29,S28
805,S29,S30
806,F23,F22
807,F23,F22
808,F23,R33
809,F23,R33
810,F23,F24
811,F23,F24
812,F22,F23
813,F22,F23
814,F22,F21
815,F22,F21
816,F21,F22
817,F21,F22
818,F21,F20
819,F21,F20
820,F20,F21
821,F20,F21
822,F20,A42
823,F20,A41
824,F27,F29
825,F27,F26
826,F27,F26
827,F26,F27
828,F26,F27
829,F26,F25
830,F26,F25
831,F25,F26
832,F25,F26
833,F25,F24
834,F25,F24
835,F24,F23
836,F24,F23
837,F24,F25
838,F24,F25
839,F29,F30
840,F29,F27
841,120,227
842,120,227
843,120,121
844,120,123
845,120,123
846,120,119
847,121,120
848,121,122
849,122,121
850,122,123
851,123,120
852,123,120
853,123,122
854,123,124
855,123,127
856,123,127
857,124,123
858,124,125
859,125,A24
860,125,A24
861,125,A24
862,125,A24
863,125,124
864,125,126
865,126,125
866,126,127
867,127,902
868,127,902
869,127,902
870,127,R16
871,127,R16
872,127,R16
873,127,R16
874,127,R16
875,127,R16
876,127,R16
877,127,R16
878,127,R16
879,127,R16
880,127,R16
881,127,R16
882,127,123
883,127,123
884,127,A27
885,127,A27
886,127,A27
887,127,A27
888,127,A27
889,127,A27
890,127,A27
891,127,A27
892,127,A27
893,127,725
894,127,725
895,127,725
896,127,126
897,127,128
898,127,128
899,127,128
900,128,129
901,128,132
902,128,132
903,128,127
904,128,127
905,128,127
906,129,128
907,129,130
908,R01,R03
909,R03,R01
910,R03,R04
911,R05,R04
912,R05,R06
913,R04,R03
914,R04,R05
915,R06,R08
916,R06,R05
917,R09,R08
918,R09,R11
919,R08,R09
920,R08,R06
921,414,415
922,414,D11
923,414,D11
924,414,413
925,415,414
926,415,416
927,415,222
928,415,222
929,416,415
930,416,621
931,416,621
932,416,222
933,410,411
934,410,409
935,411,410
936,411,412
937,412,411
938,412,413
939,413,414
940,413,412
941,418,A38
942,418,A38
943,418,A38
944,418,A38
945,418,M22
946,418,M22
947,418,M22
948,418,M22
949,418,640
950,418,640
951,418,229
952,418,229
953,418,229
954,418,229
955,418,419
956,418,419
957,419,420
958,419,420
959,419,418
960,419,418
961,L19,L20
962,L19,L17
963,L14,L15
964,L14,L13
965,L15,L14
966,L15,L16
967,L16,L15
968,L16,L17
969,L17,L16
970,L17,L19
971,L17,M08
972,L10,G29
973,L10,L11
974,L10,L08
975,L11,L10
976,L11,L12
977,L12,L11
978,L12,L13
979,L13,L14
980,L13,L12
981,R45,R44
982,R44,R45
983,R44,R43
984,M12,M11
985,M12,M13
986,R40,R41
987,R40,R39
988,M20,639
989,M20,639
990,M20,M21
991,M20,M19
992,M20,Q01
993,M20,Q01
994,M20,Q01
995,M20,Q01
996,M20,R23
997,M20,R23
998,M20,R23
999,M20,R23
1000,R42,R41
1001,R42,R43
1002,M21,640
1003,M21,640
1004,M21,640
1005,M21,640
1006,M21,640
1007,M21,640
1008,M21,M20
1009,M21,M22
1010,B04,G14
1011,B04,B06
1012,B06,B08
1013,B06,B04
1014,B08,R14
1015,B08,R11
1016,B08,R11
1017,B08,R11
1018,B08,R11
1019,B08,R11
1020,B08,R11
1021,B08,629
1022,B08,629
1023,B08,629
1024,B08,629
1025,B08,629
1026,B08,629
1027,B08,B06
1028,B08,B10
1029,B08,Q03
1030,D14,F12
1031,D14,D15
1032,D14,D15
1033,D14,A24
1034,D14,A24
1035,D14,A25
1036,D15,D14
1037,D15,D14
1038,D15,D16
1039,D15,D16
1040,D15,D16
1041,D15,B10
1042,D16,D15
1043,D16,D15
1044,D16,D15
1045,D16,724
1046,D16,724
1047,D16,724
1048,D16,724
1049,D16,D17
1050,D16,D17
1051,D16,D17
1052,D17,D20
1053,D17,D20
1054,D17,D16
1055,D17,D16
1056,D17,D16
1057,D17,D18
1058,D17,R17
1059,D17,R17
1060,D17,R17
1061,D17,R17
1062,D17,R17
1063,D17,R17
1064,D17,R17
1065,D17,R17
1066,D17,R17
1067,D17,R17
1068,D17,R17
1069,D17,R17
1070,D17,R17
1071,D17,R17
1072,D17,R17
1073,D17,R17
1074,D10,D11
1075,D10,D09
1076,D11,414
1077,D11,414
1078,D11,D10
1079,D11,D12
1080,D12,D11
1081,D12,D13
1082,D13,A15
1083,D13,A14
1084,D13,D12
1085,D13,A12
1086,D13,A12
1087,D13,A12
1088,D13,A12
1089,D18,D17
1090,D18,D19
1091,D19,D20
1092,D19,D18
1093,D19,L02
1094,D19,L02
1095,D19,132
1096,D19,132
1097,D19,132
1098,D19,132
1099,D19,132
1100,D19,132
1101,252,253
1102,252,251
1103,253,252
1104,253,254
1105,250,251
1106,250,249
1107,250,239
1108,251,252
1109,251,250
1110,256,257
1111,256,255
1112,257,256
1113,254,253
1114,254,L26
1115,254,255
1116,255,256
1117,255,254
1118,S19,S20
1119,S19,S18
1120,S18,S19
1121,S18,S17
1122,S13,S11
1123,S13,S14
1124,S11,S13
1125,S11,S09
1126,S17,S18
1127,S17,S16
1128,S16,S17
1129,S16,S15
1130,S15,S16
1131,S15,S14
1132,S14,S13
1133,S14,S15
1134,504,505
1135,504,503
1136,505,504
1137,505,213
1138,502,503
1139,502,501
1140,503,504
1141,503,502
1142,501,502
1143,630,631
1144,630,629
1145,630,F11
1146,630,F11
1147,631,630
1148,631,632
1149,631,901
1150,631,901
1151,631,901
1152,631,635
1153,631,635
1154,631,629
1155,631,629
1156,631,723
1157,631,723
1158,631,723
1159,632,631
1160,632,633
1161,633,632
1162,633,634
1163,634,633
1164,634,635
1165,635,631
1166,635,631
1167,635,634
1168,635,636
1169,635,L03
1170,635,L03
1171,635,L03
1172,635,640
1173,635,640
1174,635,R20
1175,635,R20
1176,635,R20
1177,635,R20
1178,635,R20
1179,635,R20
1180,635,R20
1181,635,R20
1182,635,R20
1183,635,R20
1184,635,R20
1185,635,R20
1186,636,635
1187,636,637
1188,637,638
1189,637,D21
1190,637,D21
1191,637,D21
1192,637,D21
1193,637,636
1194,638,639
1195,638,637
1196,639,638
1197,639,640
1198,639,Q01
1199,639,Q01
1200,639,M20
1201,639,M20
1202,639,R23
1203,639,R23
1204,A20,A21
1205,A20,A21
1206,A20,A19
1207,A20,A19
1208,A21,A20
1209,A21,A20
1210,A21,A22
1211,A21,A22
1212,A22,A21
1213,A22,A21
1214,A22,A24
1215,A22,A24
1216,A24,A15
1217,A24,A15
1218,A24,D14
1219,A24,D14
1220,A24,A22
1221,A24,A22
1222,A24,A25
1223,A24,A27
1224,A24,125
1225,A24,125
1226,A24,125
1227,A24,125
1228,A25,D14
1229,A25,A24
1230,A25,A27
1231,A25,A27
1232,A27,902
1233,A27,902
1234,A27,902
1235,A27,R16
1236,A27,R16
1237,A27,R16
1238,A27,R16
1239,A27,R16
1240,A27,R16
1241,A27,R16
1242,A27,R16
1243,A27,R16
1244,A27,R16
1245,A27,R16
1246,A27,R16
1247,A27,A24
1248,A27,A25
1249,A27,A25
1250,A27,A28
1251,A27,A28
1252,A27,A28
1253,A27,725
1254,A27,725
1255,A27,725
1256,A27,127
1257,A27,127
1258,A27,127
1259,A27,127
1260,A27,127
1261,A27,127
1262,A27,127
1263,A27,127
1264,A27,127
1265,A28,A31
1266,A28,A30
1267,A28,A30
1268,A28,A27
1269,A28,A27
1270,A28,A27
1271,R32,R31
1272,R32,R33
1273,R33,R34
1274,R33,F23
1275,R33,F23
1276,R33,R32
1277,M06,M05
1278,M06,M08
1279,M04,M05
1280,M04,M01
1281,M05,M06
1282,M05,M04
1283,M01,M04
1284,M08,M06
1285,M08,L17
1286,G31,G30
1287,G31,G32
1288,G30,G31
1289,G30,G29
1290,G33,G32
1291,G33,G34
1292,G32,G31
1293,G32,G33
1294,G35,G34
1295,G35,G36
1296,G34,G33
1297,G34,G35
1298,G36,A42
1299,G36,G35
1300,E01,228
1301,E01,228
1302,E01,A36
1303,E01,A36
1304,E01,A34
1305,216,217
1306,216,217
1307,216,215
1308,216,215
1309,217,216
1310,217,216
1311,217,218
1312,217,218
1313,214,215
1314,214,215
1315,214,213
1316,214,213
1317,215,216
1318,215,216
1319,215,214
1320,215,214
1321,212,213
1322,212,211
1323,213,214
1324,213,214
1325,213,505
1326,213,212
1327,210,209
1328,210,211
1329,211,212
1330,211,210
1331,218,217
1332,218,217
1333,218,219
1334,218,219
1335,219,218
1336,219,218
1337,219,220
1338,219,220
1339,F30,F31
1340,F30,F29
1341,F31,F30
1342,F31,F32
1343,F32,F31
1344,F32,F33
1345,F33,F32
1346,F33,F34
1347,F34,F33
1348,F34,F35
1349,F35,F34
1350,F35,F36
1351,F36,F38
1352,F36,F35
1353,F38,F39
1354,F38,F36
1355,F39,F38
1356,F39,D42
1357,A64,A65
1358,A64,A63
1359,A65,A64
1360,A60,A59
1361,A60,A61
1362,A61,A60
1363,A61,A63
1364,A63,A64
1365,A63,A61
1366,H09,H10
1367,H09,H08
1368,H08,H09
1369,H08,H07
1370,H03,H02
1371,H03,H04
1372,H02,H03
1373,H02,H01
1374,H01,A61
1375,H07,H08
1376,H07,H06
1377,H06,H07
1378,H06,H04
1379,H04,H03
1380,H04,H12
1381,H04,H06
1382,115,114
1383,115,116
1384,114,115
1385,114,113
1386,117,116
1387,117,118
1388,116,115
1389,116,117
1390,111,110
1391,111,112
1392,110,109
1393,110,111
1394,113,114
1395,113,112
1396,112,A09
1397,112,A09
1398,112,111
1399,112,113
1400,119,120
1401,119,118
1402,118,117
1403,118,119
1404,R16,902
1405,R16,902
1406,R16,902
1407,R16,902
1408,R16,R17
1409,R16,R17
1410,R16,R17
1411,R16,R14
1412,R16,R15
1413,R16,R15
1414,R16,A27
1415,R16,A27
1416,R16,A27
1417,R16,A27
1418,R16,A27
1419,R16,A27
1420,R16,A27
1421,R16,A27
1422,R16,A27
1423,R16,A27
1424,R16,A27
1425,R16,A27
1426,R16,725
1427,R16,725
1428,R16,725
1429,R16,725
1430,R16,127
1431,R16,127
1432,R16,127
1433,R16,127
1434,R16,127
1435,R16,127
1436,R16,127
1437,R16,127
1438,R16,127
1439,R16,127
1440,R16,127
1441,R16,127
1442,R17,R16
1443,R17,R16
1444,R17,R16
1445,R17,D17
1446,R17,D17
1447,R17,D17
1448,R17,D17
1449,R17,D17
1450,R17,D17
1451,R17,D17
1452,R17,D17
1453,R17,D17
1454,R17,D17
1455,R17,D17
1456,R17,D17
1457,R17,D17
1458,R17,D17
1459,R17,D17
1460,R17,D17
1461,R17,R18
1462,R17,R20
1463,R17,R20
1464,R14,R16
1465,R14,B08
1466,R14,R15
1467,R14,R15
1468,R14,R13
1469,R14,R13
1470,R15,R16
1471,R15,R16
1472,R15,R14
1473,R15,R14
1474,R13,R14
1475,R13,R14
1476,R13,R11
1477,R13,R11
1478,R11,R13
1479,R11,R13
1480,R11,R09
1481,R11,629
1482,R11,629
1483,R11,629
1484,R11,629
1485,R11,629
1486,R11,629
1487,R11,629
1488,R11,629
1489,R11,629
1490,R11,G21
1491,R11,B08
1492,R11,B08
1493,R11,B08
1494,R11,B08
1495,R11,B08
1496,R11,B08
1497,R18,R17
1498,R18,R19
1499,R19,R18
1500,R19,R20
1501,420,423
1502,420,423
1503,420,419
1504,420,419
1505,423,234
1506,423,234
1507,423,420
1508,423,420
1509,423,232
1510,423,232
1511,423,232
1512,423,232
1513,423,R28
1514,423,R28
1515,301,302
1516,302,301
1517,302,224
1518,B16,B17
1519,B16,B15
1520,B16,N04
1521,B17,B16
1522,B17,B18
1523,B14,B15
1524,B14,B13
1525,B15,B16
1526,B15,B14
1527,B12,R36
1528,B12,B13
1529,B13,B14
1530,B13,B12
1531,B10,B08
1532,B10,D15
1533,B18,B17
1534,B18,B19
1535,B19,B18
1536,B19,B20
1537,L21,L20
1538,L21,L22
1539,L20,L21
1540,L20,L19
1541,L22,L21
1542,L22,A51
1543,L22,A51
1544,L22,J27
1545,L22,J27
1546,L22,L24
1547,L25,L24
1548,L25,L26
1549,L24,L22
1550,L24,L25
1551,L27,L28
1552,L27,L26
1553,J19,J17
1554,J19,J20
1555,J16,J17
1556,J16,J15
1557,J17,J16
1558,J17,J19
1559,J14,J15
1560,J14,J13
1561,J15,J16
1562,J15,J14
1563,J12,G06
1564,J12,J13
1565,J13,J14
1566,J13,J12
1567,D29,D28
1568,D29,D30
1569,D28,D29
1570,D28,D31
1571,D28,D27
1572,D28,D26
1573,D21,D20
1574,D21,D20
1575,D21,D20
1576,D21,D22
1577,D21,D22
1578,D21,F14
1579,D21,637
1580,D21,637
1581,D21,637
1582,D21,637
1583,D20,D21
1584,D20,D21
1585,D20,D21
1586,D20,A32
1587,D20,A32
1588,D20,A32
1589,D20,A32
1590,D20,A32
1591,D20,A32
1592,D20,A32
1593,D20,A32
1594,D20,A32
1595,D20,A32
1596,D20,A32
1597,D20,A32
1598,D20,D17
1599,D20,D17
1600,D20,D19
1601,D22,D21
1602,D22,D21
1603,D22,R30
1604,D22,R31
1605,D25,D24
1606,D25,D24
1607,D25,D26
1608,D25,D26
1609,D24,R31
1610,D24,R31
1611,D24,R31
1612,D24,R31
1613,D24,R31
1614,D24,R31
1615,D24,D25
1616,D24,D25
1617,D24,R30
1618,D24,R30
1619,D24,235
1620,D24,235
1621,D24,235
1622,D24,235
1623,D27,D28
1624,D27,D26
1625,D26,D25
1626,D26,D25
1627,D26,S04
1628,D26,D27
1629,D26,D28
1630,229,230
1631,229,230
1632,229,A38
1633,229,A38
1634,229,A38
1635,229,A38
1636,229,M22
1637,229,M22
1638,229,M22
1639,229,M22
1640,229,228
1641,229,228
1642,229,418
1643,229,418
1644,229,418
1645,229,418
1646,228,E01
1647,228,E01
1648,228,137
1649,228,137
1650,228,A36
1651,228,A36
1652,228,A36
1653,228,A36
1654,228,229
1655,228,229
1656,227,120
1657,227,120
1658,227,226
1659,227,226
1660,226,227
1661,226,227
1662,226,225
1663,226,225
1664,225,226
1665,225,226
1666,225,224
1667,225,224
1668,224,302
1669,224,225
1670,224,225
1671,224,222
1672,222,415
1673,222,415
1674,222,416
1675,222,224
1676,222,221
1677,222,221
1678,221,222
1679,221,222
1680,221,220
1681,221,220
1682,220,221
1683,220,221
1684,220,219
1685,220,219
1686,S09,S11
1687,S01,S03
1688,S01,A45
1689,S03,S01
1690,S03,S04
1691,S04,S03
1692,S04,239
1693,S04,239
1694,S04,239
1695,S04,239
1696,S04,D26
1697,726,725
1698,724,D16
1699,724,D16
1700,724,D16
1701,724,D16
1702,724,725
1703,724,723
1704,725,902
1705,725,R16
1706,725,R16
1707,725,R16
1708,725,R16
1709,725,A27
1710,725,A27
1711,725,A27
1712,725,726
1713,725,724
1714,725,127
1715,725,127
1716,725,127
1717,723,631
1718,723,631
1719,723,631
1720,723,724
1721,723,901
1722,723,721
1723,720,719
1724,720,721
1725,721,723
1726,721,720
1727,604,606
1728,604,603
1729,607,606
1730,607,608
1731,606,604
1732,606,607
1733,601,602
1734,603,604
1735,603,602
1736,602,601
1737,602,603
1738,609,610
1739,609,608
1740,608,607
1741,608,609
1742,M18,M19
1743,M18,F15
1744,M18,F15
1745,M18,F15
1746,M18,M16
1747,A15,A14
1748,A15,A14
1749,A15,A16
1750,A15,A16
1751,A15,A24
1752,A15,A24
1753,A15,D13
1754,A15,A12
1755,A14,A15
1756,A14,A15
1757,A14,D13
1758,A14,A12
1759,A17,A16
1760,A17,A16
1761,A17,A18
1762,A17,A18
1763,A16,A15
1764,A16,A15
1765,A16,A17
1766,A16,A17
1767,A11,A10
1768,A11,A12
1769,A10,A09
1770,A10,A11
1771,A12,A15
1772,A12,A14
1773,A12,A09
1774,A12,A11
1775,A12,D13
1776,A12,D13
1777,A12,D13
1778,A12,D13
1779,A19,A20
1780,A19,A20
1781,A19,A18
1782,A19,A18
1783,A18,A17
1784,A18,A17
1785,A18,A19
1786,A18,A19
1787,R27,R26
1788,R27,140
1789,R27,140
1790,R27,R28
1791,R29,A41
1792,R29,A41
1793,R29,A41
1794,R29,R30
1795,R29,R28
1796,R28,R27
1797,R28,423
1798,R28,423
1799,R28,232
1800,R28,232
1801,R28,R29
1802,F18,F16
1803,F18,A41
1804,R26,R27
1805,R26,R25
1806,R25,R26
1807,R25,R24
1808,R24,R25
1809,R24,R23
1810,R23,Q01
1811,R23,Q01
1812,R23,Q01
1813,R23,Q01
1814,R23,639
1815,R23,639
1816,R23,M20
1817,R23,M20
1818,R23,M20
1819,R23,M20
1820,R23,R24
1821,R23,R22
1822,R22,R23
1823,R22,R21
1824,R21,R22
1825,R21,R20
1826,R20,R17
1827,R20,R17
1828,R20,635
1829,R20,635
1830,R20,635
1831,R20,635
1832,R20,635
1833,R20,635
1834,R20,635
1835,R20,635
1836,R20,635
1837,R20,635
1838,R20,635
1839,R20,635
1840,R20,L03
1841,R20,L03
1842,R20,L03
1843,R20,L03
1844,R20,R19
1845,R20,Q01
1846,R20,Q01
1847,R20,R21
1848,X1,R41
1849,X1,N04
1850,N04,F31
1851,F31,D32
1852,D32,X5
1853,247,X5
1854,X5,X6
1855,X6,X7
1856,X7,X8
1857,X8,L26
1858,L26,L24
1859,L24,L20
1860,L20,X12
1861,X12,M01
1862,M01,X14
1863,X14,X15
1864,X15,X16
1865,X16,710
1866,X16,G14
1867,M08,M09
1868,M09,M10
1869,M10,M11
1870,139,140
1871,234,239
1872,D21,M18
1873,D15,F12
1874,S09,S10
1875,S10,S11
1876,S11,S12
1877,S12,S13
1878,M16,M11
1879,M11,J30
1880,J30,J28
1881,J27,J23
1882,J23,J21
1883,J20,J17
1884,J17,J15
1885,J14,J12
